Open,High,Low,Close,Volume,Date
1.1321105656517392,1.149394783718034,1.0716161629947885,1.0932213068008423,1081151,2023-08-03 00:00:00+10:00
1.093221336876775,1.1364317286991081,1.0672951635962478,1.0802582502365112,1738530,2023-08-04 00:00:00+10:00
1.050011028786979,1.1061844031962047,1.050011028786979,1.0716161727905273,924191,2023-08-07 00:00:00+10:00
1.0672950832260901,1.0672950832260901,1.028405826233764,1.0456899404525757,1586637,2023-08-08 00:00:00+10:00
1.0370478630065918,1.0543319768864607,1.024084674575245,1.0370478630065918,2253796,2023-08-09 00:00:00+10:00
1.0500109690072785,1.0500109690072785,1.024084694657614,1.0456899404525757,1052128,2023-08-10 00:00:00+10:00
1.0456900788546257,1.0586531662344607,1.0370480206014026,1.0543321371078491,784547,2023-08-11 00:00:00+10:00
1.0543320780780154,1.062974135847388,1.0284059047698975,1.0284059047698975,1496870,2023-08-14 00:00:00+10:00
1.0240846244457222,1.0327267839840633,0.993837426636569,0.9981584548950195,1350552,2023-08-15 00:00:00+10:00
1.002479582721189,1.0068006114088104,0.9722323819078401,0.9895164966583252,2367167,2023-08-16 00:00:00+10:00
0.976553398824075,0.985195456095146,0.9333431124687195,0.9333431124687195,2710916,2023-08-17 00:00:00+10:00
0.9765534551322065,1.0456900203086428,0.9722324262475202,1.0284059047698975,3011356,2023-08-18 00:00:00+10:00
1.0197636382235575,1.0240846666601275,1.006800552913847,1.0154426097869873,1489594,2023-08-21 00:00:00+10:00
0.9938376142833353,1.0154427596548614,0.9722324689118093,1.0024796724319458,1983013,2023-08-22 00:00:00+10:00
1.0240847261592954,1.0240847261592954,0.9895164966583252,0.9895164966583252,1025534,2023-08-23 00:00:00+10:00
0.9895164874319821,1.0240847166106348,0.9895164874319821,1.0111216306686401,1519416,2023-08-24 00:00:00+10:00
0.9981584548950195,1.0154425679288215,0.9895163983781186,0.9981584548950195,1001449,2023-08-25 00:00:00+10:00
1.0024795928438237,1.0024795928438237,0.9808744491875573,0.9938375353813171,859414,2023-08-28 00:00:00+10:00
0.9981585641125704,0.9981585641125704,0.976553420456304,0.9938375353813171,884538,2023-08-29 00:00:00+10:00
1.019763658709596,1.0370478758245436,0.9981585160927192,1.0240846872329712,1038939,2023-08-30 00:00:00+10:00
1.028405818777793,1.0500109613946695,1.019763658709596,1.0240846872329712,3017842,2023-08-31 00:00:00+10:00
1.028405798118142,1.0370478549912825,1.006800552913847,1.0154426097869873,911664,2023-09-01 00:00:00+10:00
1.011121581350417,1.0258131604519112,0.980874382294426,1.0154426097869873,2077325,2023-09-04 00:00:00+10:00
0.9981585540335678,1.015442668784053,0.9851954679707039,0.9895164966583252,1704659,2023-09-05 00:00:00+10:00
0.9765533390821456,0.9851953958245275,0.9592692255973816,0.9592692255973816,3876755,2023-09-06 00:00:00+10:00
0.9592692952401216,0.9722323812948117,0.9419851805005347,0.9635903239250183,2162709,2023-09-07 00:00:00+10:00
0.9765533390821456,0.9765533390821456,0.9549481972261906,0.9592692255973816,1530124,2023-09-08 00:00:00+10:00
0.9419851899147034,0.9592693048270271,0.9290221037304606,0.9419851899147034,2765086,2023-09-11 00:00:00+10:00
0.9333431124687195,0.9463061983753261,0.9160588949051283,0.9333431124687195,3802893,2023-09-12 00:00:00+10:00
0.9463061059768495,0.9463061059768495,0.9160588054600348,0.9203799366950989,1823309,2023-09-13 00:00:00+10:00
0.9117378857966857,0.9463062186427843,0.8987747996124429,0.9419851899147034,3192397,2023-09-14 00:00:00+10:00
0.9506271683396942,0.9635902534462403,0.9160588383674622,0.9160588383674622,40994940,2023-09-15 00:00:00+10:00
0.9203799471553565,0.9333430319435593,0.9030957310829794,0.9247009754180908,3961544,2023-09-18 00:00:00+10:00
0.9247010273516478,0.9333430843624763,0.9030957818031311,0.9030957818031311,3326382,2023-09-19 00:00:00+10:00
0.9030957715364304,0.9203799883830401,0.8814906292549741,0.8987747430801392,2463336,2023-09-20 00:00:00+10:00
0.8901326962868885,0.9074168103085453,0.8875400585793508,0.9030957818031311,2637953,2023-09-21 00:00:00+10:00
0.8901326656341553,0.9030957507039992,0.8858116372775406,0.8901326656341553,1795618,2023-09-22 00:00:00+10:00
0.8901327352671534,0.9074168500457078,0.8814906778778763,0.894453763961792,1203388,2023-09-25 00:00:00+10:00
0.9030957507039992,0.9030957507039992,0.8771695805643113,0.8901326656341553,4700360,2023-09-26 00:00:00+10:00
0.8901326478405268,0.9074167609214783,0.881490591300051,0.9074167609214783,4326534,2023-09-27 00:00:00+10:00
0.8944537247923027,0.9117378388139594,0.8944537247923027,0.9030957818031311,2200066,2023-09-28 00:00:00+10:00
0.8987747532977169,0.9117378388139594,0.8987747532977169,0.9030957818031311,2000455,2023-09-29 00:00:00+10:00
0.9160588174619541,0.9203799487536323,0.9030957326512404,0.9074167609214783,662042,2023-10-02 00:00:00+11:00
0.8987747430801392,0.9117378284490129,0.8944537146238479,0.8987747430801392,1520421,2023-10-03 00:00:00+11:00
0.8987747430801392,0.9030957715364304,0.8814906292549741,0.8987747430801392,1996485,2023-10-04 00:00:00+11:00
0.8987747248920673,0.9203799697577535,0.8987747248920673,0.9160588383674622,1764387,2023-10-05 00:00:00+11:00
0.9160588383674622,0.9221083605010044,0.9117378099986134,0.9160588383674622,2192170,2023-10-06 00:00:00+11:00
0.9290220264954508,0.9333430548642995,0.9117378099986134,0.9160588383674622,1702256,2023-10-09 00:00:00+11:00
0.9160588383674622,0.9290220264954508,0.9117378099986134,0.9160588383674622,1336447,2023-10-10 00:00:00+11:00
0.9247009981266021,0.9247009981266021,0.9117378099986134,0.9160588383674622,1470748,2023-10-11 00:00:00+11:00
0.9247009981266021,0.9247009981266021,0.9117378099986134,0.9160588383674622,2118900,2023-10-12 00:00:00+11:00
0.9160588383674622,0.9203799697577535,0.9117378099986134,0.9160588383674622,1105361,2023-10-13 00:00:00+11:00
0.9074167816297647,0.9290220264954508,0.9030957532609161,0.9160588383674622,742318,2023-10-16 00:00:00+11:00
0.9247009754180908,0.9376640602062936,0.9134662813306937,0.9247009754180908,1213894,2023-10-17 00:00:00+11:00
0.9290220264954508,0.9290220264954508,0.9117378099986134,0.9160588383674622,794086,2023-10-18 00:00:00+11:00
0.9160588054600348,0.9203799366950989,0.9117377772464097,0.9203799366950989,1908045,2023-10-19 00:00:00+11:00
0.9160588383674622,0.9247009981266021,0.9117378099986134,0.9160588383674622,1663281,2023-10-20 00:00:00+11:00
0.9203799593054657,0.9203799593054657,0.9074167713246933,0.9117377996444702,1656943,2023-10-23 00:00:00+11:00
0.9160588383674622,0.9290220264954508,0.9117378099986134,0.9160588383674622,1301998,2023-10-24 00:00:00+11:00
0.9117378099986134,0.9203799697577535,0.9074167816297647,0.9160588383674622,1548087,2023-10-25 00:00:00+11:00
0.9117378370461103,0.9160588655431461,0.8771696090698242,0.8771696090698242,2204318,2023-10-26 00:00:00+11:00
0.8771696072653992,0.8771696072653992,0.8512434363365173,0.8512434363365173,1323084,2023-10-27 00:00:00+11:00
0.842601450263427,0.8469224791151798,0.8166752256421832,0.8339593410491943,1574823,2023-10-30 00:00:00+11:00
0.8469224081918786,0.8598854936615773,0.8209961857417585,0.8296382427215576,986917,2023-10-31 00:00:00+11:00
0.8426014284781367,0.8469224572181702,0.8296382907473105,0.8469224572181702,906955,2023-11-01 00:00:00+11:00
0.8598855137825012,0.8771696281465399,0.8598855137825012,0.8598855137825012,636481,2023-11-02 00:00:00+11:00
0.8685275621513273,0.885811676339979,0.8598855050570013,0.8814906477928162,1144355,2023-11-03 00:00:00+11:00
0.8901327352671534,0.9030958213510693,0.8832190687514416,0.894453763961792,978268,2023-11-06 00:00:00+11:00
0.8901327352671534,0.9074168500457078,0.8858117065725148,0.894453763961792,1763286,2023-11-07 00:00:00+11:00
0.8944537437094103,0.8944537437094103,0.881490657919007,0.8858116865158081,4301808,2023-11-08 00:00:00+11:00
0.88149063756686,0.8901326945609315,0.8728485805727885,0.8771696090698242,887007,2023-11-09 00:00:00+11:00
0.8771696586929615,0.8858117161759305,0.8642065724685081,0.872848629951477,480899,2023-11-10 00:00:00+11:00
0.864206572178304,0.8685276009183375,0.8469224572181702,0.8469224572181702,513855,2023-11-13 00:00:00+11:00
0.8469224477693587,0.8745770107927504,0.8469224477693587,0.8685275912284851,1270294,2023-11-14 00:00:00+11:00
0.8858116195702889,0.9117377891917162,0.8858116195702889,0.9074167609214783,1497079,2023-11-15 00:00:00+11:00
0.9074168277811937,0.9290220737457275,0.9005032644565645,0.9290220737457275,1155185,2023-11-16 00:00:00+11:00
0.9290220264954508,0.9290220264954508,0.9117378099986134,0.9160588383674622,297872,2023-11-17 00:00:00+11:00
0.9160588357738431,0.9203799671519001,0.8901326656341553,0.8901326656341553,822443,2023-11-20 00:00:00+11:00
0.8944536939907699,0.9117378074172284,0.8858116372775406,0.8901326656341553,440748,2023-11-21 00:00:00+11:00
0.8987747196500209,0.8987747196500209,0.8642064929008484,0.8642064929008484,403751,2023-11-22 00:00:00+11:00
0.8771696192456532,0.890132704887142,0.8728485906984902,0.8814906477928162,415926,2023-11-23 00:00:00+11:00
0.8987747223473845,0.8987747223473845,0.8858116372775406,0.8901326656341553,369584,2023-11-24 00:00:00+11:00
0.9117378046809606,0.9117378046809606,0.8642064929008484,0.8642064929008484,444018,2023-11-27 00:00:00+11:00
0.8685275721286038,0.8901327151126093,0.8685275721286038,0.8858116865158081,628287,2023-11-28 00:00:00+11:00
0.8901326962868885,0.9264294181495244,0.8901326962868885,0.9030957818031311,908506,2023-11-29 00:00:00+11:00
0.9074169050780205,0.9376642107963562,0.8901327892512326,0.9376642107963562,1583812,2023-11-30 00:00:00+11:00
0.9247010678457126,0.9333431252349897,0.8901327352671534,0.894453763961792,797144,2023-12-01 00:00:00+11:00
0.9074167593457136,0.9437134791698335,0.9030957310829794,0.9247009754180908,598495,2023-12-04 00:00:00+11:00
0.9333430335643459,0.9333430335643459,0.8987747043810026,0.9074167609214783,1398068,2023-12-05 00:00:00+11:00
0.8944537517274506,0.9333431124687195,0.8944537517274506,0.9333431124687195,604335,2023-12-06 00:00:00+11:00
0.9376641906286459,0.9592693349474376,0.9376641906286459,0.9549483060836792,2702781,2023-12-07 00:00:00+11:00
0.9549483060836793,0.9635903638111959,0.9419852194924043,0.9549483060836792,831140,2023-12-08 00:00:00+11:00
0.9549482665552249,0.9722323812948117,0.9506272378703281,0.9635903239250183,2001350,2023-12-11 00:00:00+11:00
0.9722324512484566,0.9765534802442581,0.959269364261052,0.967911422252655,537112,2023-12-12 00:00:00+11:00
0.9938375658575042,0.9938375658575042,0.9463062483561626,0.9549483060836792,586471,2023-12-13 00:00:00+11:00
0.9851954107309961,1.028405798118142,0.980874382294426,1.0154426097869873,1806968,2023-12-15 00:00:00+11:00
1.0197636879633034,1.0240847166106348,0.9981585447266452,1.0111216306686401,704646,2023-12-18 00:00:00+11:00
1.0197636948374171,1.0327268838882446,1.0024795801315804,1.0327268838882446,1089597,2023-12-19 00:00:00+11:00
1.0370479325743958,1.0586530763735598,1.0327269038145628,1.0413689613342285,688114,2023-12-20 00:00:00+11:00
1.0154426857537797,1.054332047613727,1.006800628234114,1.0413689613342285,869422,2023-12-21 00:00:00+11:00
1.037048008047847,1.0456900661964574,1.0024796724319458,1.0024796724319458,969176,2023-12-22 00:00:00+11:00
1.0111216862096972,1.0284059047698975,0.9938375706709518,1.0284059047698975,1125181,2023-12-27 00:00:00+11:00
1.0127220363637102,1.0351273698776526,0.9992788362553449,1.021684169769287,748869,2023-12-28 00:00:00+11:00
1.0216841905696785,1.0440895245397692,1.0172031237756602,1.0306463241577148,680756,2023-12-29 00:00:00+11:00
1.044089448473767,1.044089448473767,0.9947977173306628,0.9992787837982178,465505,2024-01-02 00:00:00+11:00
1.0037598995841004,1.0100333715795051,0.9903166995209228,0.9947977662086487,576921,2024-01-03 00:00:00+11:00
0.9992787837982178,1.0172030496684374,0.9947977173306628,0.9992787837982178,484190,2024-01-04 00:00:00+11:00
1.0082409167333275,1.0082409167333275,0.9947977173306628,0.9992787837982178,350661,2024-01-05 00:00:00+11:00
0.9992787837982178,1.0082409167333275,0.9965901225502743,0.9992787837982178,377131,2024-01-08 00:00:00+11:00
1.008241057395935,1.0127221244886566,1.0037599903032135,1.008241057395935,398695,2024-01-09 00:00:00+11:00
1.0037598502657727,1.0172030496684374,0.9992787837982178,0.9992787837982178,455738,2024-01-10 00:00:00+11:00
0.999278923210492,1.0127221244886566,0.999278923210492,1.008241057395935,375704,2024-01-11 00:00:00+11:00
1.0127221142969722,1.0172031813445979,0.9992789131540956,1.0037599802017212,198949,2024-01-12 00:00:00+11:00
1.0037598995841004,1.0082409662718261,0.9947977662086487,0.9947977662086487,345867,2024-01-15 00:00:00+11:00
0.9947977173306628,1.0082409167333275,0.9947977173306628,0.9992787837982178,954066,2024-01-16 00:00:00+11:00
0.9992788115968582,0.9992788115968582,0.985835611820221,0.985835611820221,714757,2024-01-17 00:00:00+11:00
0.9455059064741854,0.9679113462917557,0.9410248398780823,0.9410248398780823,914824,2024-01-19 00:00:00+11:00
0.9410248398780823,0.9562605517744767,0.9410248398780823,0.9410248398780823,589961,2024-01-22 00:00:00+11:00
0.9499869018598387,0.9544680749570907,0.9320626368190187,0.9365437030792236,709940,2024-01-23 00:00:00+11:00
0.9365437247399618,0.9679112961239249,0.9365437247399618,0.9455058574676514,704996,2024-01-24 00:00:00+11:00
0.9499869238314962,0.9562605022105185,0.9365437247399618,0.9455058574676514,1066584,2024-01-25 00:00:00+11:00
0.9499868983798871,0.9813544689234649,0.9499868983798871,0.9544680714607239,1349324,2024-01-29 00:00:00+11:00
0.9499870375210318,0.9723924788586725,0.9499870375210318,0.9634303450584412,943460,2024-01-30 00:00:00+11:00
0.963430316731352,0.9903167173415238,0.9544681831946281,0.976873517036438,1300009,2024-01-31 00:00:00+11:00
0.9679114119585569,0.9723924788586725,0.9499870375210318,0.9634303450584412,924115,2024-02-01 00:00:00+11:00
0.9589492499629901,0.978665922376371,0.9589492499629901,0.976873517036438,2159253,2024-02-02 00:00:00+11:00
0.9723923475398186,0.976873413834779,0.9472983549206313,0.9589491486549377,848949,2024-02-05 00:00:00+11:00
0.9544681079138473,0.9589491743287787,0.9455058682469337,0.9499869346618652,481924,2024-02-06 00:00:00+11:00
0.9544680714607239,0.9634302039483043,0.9472983441032503,0.9544680714607239,754358,2024-02-07 00:00:00+11:00
0.9544682214093344,0.9741848946121253,0.9544682214093344,0.967911422252655,396794,2024-02-08 00:00:00+11:00
0.967911422252655,0.9813546230959757,0.967911422252655,0.967911422252655,516335,2024-02-09 00:00:00+11:00
0.9723924788586725,0.9858356795590197,0.9544682112582097,0.9634303450584412,684600,2024-02-12 00:00:00+11:00
0.963430214949898,0.976873413834779,0.9544680823599774,0.9589491486549377,172008,2024-02-13 00:00:00+11:00
0.9499869018598387,0.9544680749570907,0.9320626368190187,0.9365437030792236,1152630,2024-02-14 00:00:00+11:00
0.9410248398780823,0.9544681465034465,0.9275816400897732,0.9410248398780823,3218018,2024-02-15 00:00:00+11:00
0.945505980676724,0.9813546230959757,0.945505980676724,0.967911422252655,1926194,2024-02-16 00:00:00+11:00
0.9723923735735729,0.9723923735735729,0.9410248018320023,0.9499869346618652,658198,2024-02-19 00:00:00+11:00
0.9499869346618652,0.9589491743287787,0.9320626690021395,0.9499869346618652,759062,2024-02-20 00:00:00+11:00
0.9499869730702885,0.9589492130995495,0.92310057349367,0.9410248398780823,1433847,2024-02-21 00:00:00+11:00
0.9499870476244975,0.9813546230959757,0.9320627798334034,0.967911422252655,4559594,2024-02-22 00:00:00+11:00
0.945505970620916,0.9768735457587883,0.945505970620916,0.9634303450584412,603490,2024-02-23 00:00:00+11:00
0.9544681831946281,0.9858356505731618,0.9365438092841213,0.976873517036438,1023084,2024-02-26 00:00:00+11:00
0.9858356505731618,0.9947977841098857,0.9741848556080089,0.976873517036438,685329,2024-02-27 00:00:00+11:00
0.9768735027414025,1.021684169769287,0.9768735027414025,1.021684169769287,1078039,2024-02-28 00:00:00+11:00
1.0216842483922235,1.0261653154398491,1.0037599802017212,1.0037599802017212,2258737,2024-02-29 00:00:00+11:00
1.0216842483922235,1.0216842483922235,0.9723925108683421,1.0037599802017212,629077,2024-03-01 00:00:00+11:00
1.0037599132204884,1.053051647455116,0.9992788464718859,1.026165246963501,1054298,2024-03-04 00:00:00+11:00
1.035127390951733,1.0396084577457512,1.005552328743801,1.0306463241577148,826269,2024-03-05 00:00:00+11:00
1.0261652258882148,1.0324386978400026,1.0172030925750732,1.0172030925750732,3152587,2024-03-06 00:00:00+11:00
1.0216840938574838,1.039608359336853,1.0216840938574838,1.039608359336853,2041039,2024-03-07 00:00:00+11:00
1.035127378159458,1.0889002858602013,1.035127378159458,1.0709760189056396,1130142,2024-03-08 00:00:00+11:00
1.0575327014849496,1.0754570751008448,1.0575327014849496,1.0664949417114258,1145756,2024-03-11 00:00:00+11:00
1.0709759214232484,1.0978623194078365,1.0709759214232484,1.0799380540847778,1781413,2024-03-12 00:00:00+11:00
1.0844191527387563,1.097862352131751,1.075457019810093,1.0933812856674194,1173276,2024-03-13 00:00:00+11:00
1.0933814251928238,1.106824626301293,1.075457157048198,1.1023435592651367,1262970,2024-03-14 00:00:00+11:00
1.0978624254454903,1.1292298927904876,1.0799381583912062,1.1247488260269165,2449402,2024-03-15 00:00:00+11:00
1.120267837691197,1.1292299718457612,1.0933814352275042,1.1068246364593506,916714,2024-03-18 00:00:00+11:00
1.106824626301293,1.1202678274097624,1.0933814251928238,1.1023435592651367,1253812,2024-03-19 00:00:00+11:00
1.0933814352275042,1.120267837691197,1.0933814352275042,1.1068246364593506,620334,2024-03-20 00:00:00+11:00
1.1202676734144354,1.1202676734144354,1.0709759427925027,1.0889002084732056,1044755,2024-03-21 00:00:00+11:00
1.0754569985276818,1.1023433967816114,1.0620136925636672,1.0844191312789917,817464,2024-03-22 00:00:00+11:00
1.0754570092126785,1.1086168793545685,1.0754570092126785,1.0889002084732056,660957,2024-03-25 00:00:00+11:00
1.0844191312789917,1.0996547355888084,1.0799380649033368,1.0844191312789917,644993,2024-03-26 00:00:00+11:00
1.0933812963535063,1.1023434293697603,1.0799380968291254,1.0978623628616333,643927,2024-03-27 00:00:00+11:00
1.1113056153890055,1.1202677488327026,1.0933813485016117,1.1202677488327026,1464429,2024-03-28 00:00:00+11:00
1.1157866063130686,1.1471540712351487,1.1113055398956286,1.1381919384002686,1218569,2024-04-02 00:00:00+11:00
1.1247487509177403,1.1337108838464034,1.0844191527387563,1.0933812856674194,703875,2024-04-03 00:00:00+11:00
1.0933812856674194,1.1023434185960825,1.0709759533457615,1.0933812856674194,491221,2024-04-04 00:00:00+11:00
1.0933814251928238,1.1113056933374497,1.084419291120511,1.1023435592651367,537544,2024-04-05 00:00:00+11:00
1.1157866288941412,1.1202676954022681,1.0978623628616333,1.0978623628616333,343305,2024-04-08 00:00:00+10:00
1.0978623194078365,1.0996547245727328,1.0754569877540132,1.0799380540847778,413262,2024-04-09 00:00:00+10:00
1.0709759746106804,1.0709759746106804,1.0351273353471784,1.0575326681137085,1764615,2024-04-10 00:00:00+10:00
1.0306462372821708,1.0485705029473658,1.0189954432323838,1.044089436531067,946070,2024-04-11 00:00:00+10:00
1.039608436580441,1.048570569986018,1.0172031030664987,1.021684169769287,714338,2024-04-12 00:00:00+10:00
1.0216841044495732,1.0530515693636644,1.0172030380332744,1.044089436531067,811960,2024-04-15 00:00:00+10:00
1.0216842586740995,1.0279577312364963,1.0037599903032135,1.008241057395935,869202,2024-04-16 00:00:00+10:00
1.0216841592316441,1.0351273592013563,1.0082409592619317,1.0172030925750732,881569,2024-04-17 00:00:00+10:00
1.0216841905696785,1.035127390951733,1.0172031237756602,1.0306463241577148,417055,2024-04-18 00:00:00+10:00
1.0082409592619317,1.0261652258882148,0.9903166926356486,1.0172030925750732,753035,2024-04-19 00:00:00+10:00
1.026165160227326,1.0440894257066953,1.0172030274876416,1.039608359336853,620211,2024-04-22 00:00:00+10:00
1.0440894147886062,1.0620136800805404,1.0324386209814393,1.0351272821426392,544510,2024-04-23 00:00:00+10:00
1.0351272929670108,1.0485704920765375,1.026165160227326,1.039608359336853,595702,2024-04-24 00:00:00+10:00
1.044089481650468,1.044089481650468,0.9992788155510272,1.0127220153808594,627513,2024-04-26 00:00:00+10:00
1.0216841905696785,1.03243872950791,1.0037599233936059,1.0306463241577148,904950,2024-04-29 00:00:00+10:00
1.0216840938574838,1.0485704920765375,1.0216840938574838,1.039608359336853,567330,2024-04-30 00:00:00+10:00
1.0351273698776526,1.0351273698776526,1.0172031030664987,1.021684169769287,484345,2024-05-01 00:00:00+10:00
1.0396084258579272,1.0396084258579272,1.0172030925750732,1.0172030925750732,1594449,2024-05-02 00:00:00+10:00
1.021684169769287,1.039608436580441,1.0172031030664987,1.021684169769287,672830,2024-05-03 00:00:00+10:00
1.0216840938574838,1.0440894257066953,1.0216840938574838,1.039608359336853,720651,2024-05-06 00:00:00+10:00
1.048570524411469,1.0575326574275203,1.0351273248873922,1.0530515909194946,432645,2024-05-07 00:00:00+10:00
1.0530515693636644,1.0664948754496115,1.044089436531067,1.044089436531067,768501,2024-05-08 00:00:00+10:00
1.0396084577457512,1.0530516581278055,1.0306463241577148,1.0306463241577148,426533,2024-05-09 00:00:00+10:00
1.0485705029473658,1.0530515693636644,1.0351273036984694,1.044089436531067,242925,2024-05-10 00:00:00+10:00
1.0620136911860643,1.0664948643929562,1.026165160227326,1.039608359336853,386742,2024-05-13 00:00:00+10:00
1.0351273592013563,1.0530516258276394,1.0172030925750732,1.0172030925750732,547363,2024-05-14 00:00:00+10:00
1.0172031030664987,1.030646303174864,1.0082409696609218,1.021684169769287,877908,2024-05-15 00:00:00+10:00
1.030646247875848,1.0503630257798655,1.030646247875848,1.0485705137252808,615003,2024-05-16 00:00:00+10:00
1.0485704920765375,1.0485704920765375,1.039608359336853,1.039608359336853,307655,2024-05-17 00:00:00+10:00
1.0485705913337875,1.0485705913337875,1.0172031237756602,1.0306463241577148,421032,2024-05-20 00:00:00+10:00
1.0261652258882148,1.0306462925447857,1.0145144312137195,1.0172030925750732,877197,2024-05-21 00:00:00+10:00
1.0261652573636966,1.0414008630959464,1.0261652573636966,1.0306463241577148,671562,2024-05-22 00:00:00+10:00
1.0306462158196557,1.0440894147886062,1.0216840831736884,1.0351272821426392,406956,2024-05-23 00:00:00+10:00
1.0351272821426392,1.0440894147886062,1.017203016850705,1.0351272821426392,619088,2024-05-24 00:00:00+10:00
1.0396083808005645,1.0485705137252808,1.0216841149511318,1.0485705137252808,190708,2024-05-27 00:00:00+10:00
1.0440894579034434,1.0593251695003727,1.0396083913954177,1.0530515909194946,507496,2024-05-28 00:00:00+10:00
1.0575327142037185,1.0575327142037185,1.0145144520497227,1.026165246963501,603029,2024-05-29 00:00:00+10:00
1.0127220153808594,1.0351273484305799,1.0037598821609712,1.0127220153808594,412233,2024-05-30 00:00:00+10:00
1.0216841592316441,1.0261652258882148,1.003759892605361,1.0172030925750732,1522770,2024-05-31 00:00:00+10:00
1.0216841802148984,1.0306463137121036,1.0145144520497227,1.026165246963501,405008,2024-06-03 00:00:00+10:00
1.0396085165827258,1.0396085165827258,1.0037599802017212,1.0037599802017212,600667,2024-06-04 00:00:00+10:00
1.003759849101699,1.053051580187639,1.003759849101699,1.0485705137252808,574166,2024-06-05 00:00:00+10:00
1.0575326681137085,1.0575326681137085,1.0261652022405663,1.0575326681137085,482787,2024-06-06 00:00:00+10:00
1.0485705913337875,1.0503631035210426,1.0306463241577148,1.0306463241577148,712050,2024-06-07 00:00:00+10:00
1.0306463824874745,1.0485706506779768,1.0037599802017212,1.0037599802017212,1143901,2024-06-11 00:00:00+10:00
1.0037598821609712,1.0172030819908036,0.9947977489410831,1.0127220153808594,555626,2024-06-12 00:00:00+10:00
1.0172030925750732,1.0351273592013563,1.0082409592619317,1.0172030925750732,806022,2024-06-13 00:00:00+10:00
1.0216841486007475,1.0306462818206357,1.0082409487709154,1.0127220153808594,780048,2024-06-14 00:00:00+10:00
1.021684169769287,1.0261652364720757,1.0037599029581332,1.021684169769287,677021,2024-06-17 00:00:00+10:00
1.0216841905696785,1.0440895245397692,1.0037599233936059,1.0306463241577148,1057278,2024-06-18 00:00:00+10:00
1.0306463137121036,1.0396084472093086,1.008240979969091,1.026165246963501,1184009,2024-06-19 00:00:00+10:00
1.0396083808005645,1.0548440922422238,1.0216841149511318,1.0485705137252808,523628,2024-06-20 00:00:00+10:00
1.0396084019004843,1.0620137346670144,1.0396084019004843,1.0575326681137085,1623948,2024-06-21 00:00:00+10:00
1.0575326574275203,1.0664948972806243,1.048570524411469,1.0530515909194946,278564,2024-06-24 00:00:00+10:00
1.05753271185266,1.07545708564428,1.0503630905404822,1.0709760189056396,776984,2024-06-25 00:00:00+10:00
1.0664949080573745,1.0709759746106804,1.0530516015604023,1.0575326681137085,682126,2024-06-26 00:00:00+10:00
1.0664949417114258,1.0664949417114258,1.0440895014008211,1.0664949417114258,1034250,2024-06-27 00:00:00+10:00
1.0548772200148142,1.0781123791088454,1.0548772200148142,1.073465347290039,1952670,2024-06-28 00:00:00+10:00
1.0688183774538518,1.078112441630443,1.0548772811889648,1.0548772811889648,345740,2024-07-01 00:00:00+10:00
1.0595243448183282,1.0595243448183282,1.0409362159117943,1.0455832481384277,511106,2024-07-02 00:00:00+10:00
1.054877223210131,1.054877223210131,1.026995032212836,1.036289095878601,849787,2024-07-03 00:00:00+10:00
1.0409362159117943,1.0502302803650612,1.0316421514585272,1.0455832481384277,792530,2024-07-04 00:00:00+10:00
1.0455832325065377,1.0502302646636963,1.0362891681922208,1.0502302646636963,295202,2024-07-05 00:00:00+10:00
1.0502302646636963,1.0595243289780132,1.0409362003493792,1.0502302646636963,652758,2024-07-08 00:00:00+10:00
1.0455832325065377,1.0595243289780132,1.0455832325065377,1.0502302646636963,290440,2024-07-09 00:00:00+10:00
1.045583263909888,1.0502302962066168,1.0269951347229727,1.0409362316131592,856976,2024-07-10 00:00:00+10:00
1.0502302336741598,1.06417132973427,1.0455832016541229,1.0595242977142334,476989,2024-07-11 00:00:00+10:00
1.06417126855665,1.0827593955681936,1.0595242368037643,1.0781123638153076,637971,2024-07-12 00:00:00+10:00
1.0874064120281075,1.0920534437156388,1.0734653169655135,1.0827593803405762,308622,2024-07-15 00:00:00+10:00
1.0781124100966244,1.0827594420489983,1.0595242822871278,1.064171314239502,1904790,2024-07-16 00:00:00+10:00
1.0595242977142334,1.068818361754307,1.0595242977142334,1.0595242977142334,1547764,2024-07-17 00:00:00+10:00
1.0641712988794707,1.07811239453537,1.061383057589495,1.0688183307647705,634844,2024-07-18 00:00:00+10:00
1.068818300309536,1.0781123638153076,1.0548772050508783,1.0781123638153076,853747,2024-07-19 00:00:00+10:00
1.0734653937743437,1.075324184423562,1.0548772656941965,1.0595242977142334,481461,2024-07-22 00:00:00+10:00
1.0734654414982288,1.0734654414982288,1.0455832481384277,1.0455832481384277,527198,2024-07-23 00:00:00+10:00
1.050230222685128,1.050230222685128,1.026995062828064,1.026995062828064,639648,2024-07-24 00:00:00+10:00
1.0316421103860405,1.0362891424276628,1.0130539822195506,1.0223480463027954,1423544,2024-07-25 00:00:00+10:00
1.0316420640457187,1.036289095878601,1.017700968547071,1.036289095878601,546142,2024-07-26 00:00:00+10:00
1.0362891993164305,1.0474420546697816,1.0269951347229727,1.0409362316131592,268084,2024-07-29 00:00:00+10:00
1.0362891424276628,1.0362891424276628,1.0130539822195506,1.0223480463027954,642184,2024-07-30 00:00:00+10:00
1.0223480463027954,1.0335009010438927,1.0223480463027954,1.0223480463027954,1660583,2024-07-31 00:00:00+10:00
1.026995062828064,1.0362891267708896,1.0130539669138254,1.026995062828064,987248,2024-08-01 00:00:00+10:00
1.0177010325727556,1.0195598232640533,0.9991129040718079,0.9991129040718079,770007,2024-08-02 00:00:00+10:00
0.9898187894876521,0.9944658213765809,0.975877583026886,0.975877583026886,958650,2024-08-05 00:00:00+10:00
0.9712305068969727,0.9898187443999459,0.9526423801879741,0.9712305068969727,609723,2024-08-06 00:00:00+10:00
0.9712305359199239,0.989818773978363,0.968442405465437,0.9805245995521545,410219,2024-08-07 00:00:00+10:00
0.9851716173720867,0.9851716173720867,0.9665834903717041,0.9665834903717041,627799,2024-08-08 00:00:00+10:00
0.9758775385742223,0.9758775385742223,0.9619364435424733,0.9712305068969727,560653,2024-08-09 00:00:00+10:00
0.9758775538718955,0.9805245856219911,0.9619364586216085,0.9665834903717041,544316,2024-08-12 00:00:00+10:00
0.9665835041038086,0.9870305327298983,0.9619364722876933,0.9805245995521545,775304,2024-08-13 00:00:00+10:00
0.9851716160774231,0.9851716160774231,0.9684423904342445,0.9851716160774231,621412,2024-08-14 00:00:00+10:00
0.9851717246523309,1.0084069967269897,0.9805246923961969,1.0084069967269897,583805,2024-08-15 00:00:00+10:00
0.9991129167003356,1.0177010454362325,0.9944658845163614,1.0130540132522583,597071,2024-08-16 00:00:00+10:00
1.008406981068284,1.0177010454362325,0.9991129167003356,1.0130540132522583,419288,2024-08-19 00:00:00+10:00
1.0177010771886075,1.0223481095175695,1.0037599802017212,1.0037599802017212,619869,2024-08-20 00:00:00+10:00
1.0130540289831238,1.0130540289831238,0.9851717246523309,1.0084069967269897,351309,2024-08-21 00:00:00+10:00
1.022348030856651,1.0362891267708896,1.003759902971,1.026995062828064,696971,2024-08-22 00:00:00+10:00
1.0362891836851607,1.0641713770449617,1.0269951192318938,1.0455832481384277,1772177,2024-08-23 00:00:00+10:00
1.0502302143701119,1.10134756565094,1.0362891185662497,1.10134756565094,1951436,2024-08-26 00:00:00+10:00
1.110641687533739,1.1385238778164333,1.110641687533739,1.1199357509613037,963026,2024-08-28 00:00:00+10:00
1.1199358084621678,1.1403827268938211,1.1059947126050431,1.1385239362716675,781494,2024-08-29 00:00:00+10:00
1.1431709837776003,1.1431709837776003,1.1152887916839962,1.133876919746399,1464214,2024-08-30 00:00:00+10:00
1.133876815600615,1.138523847189389,1.1152886892455185,1.1292297840118408,672972,2024-09-02 00:00:00+10:00
1.133876945383281,1.1617591381072998,1.1292299132626111,1.1617591381072998,981678,2024-09-03 00:00:00+10:00
1.1524651367547323,1.1524651367547323,1.1292299748834658,1.1431710720062256,475545,2024-09-04 00:00:00+10:00
1.152465058456958,1.1710531866911051,1.1264416567703555,1.1664061546325684,1091970,2024-09-05 00:00:00+10:00
1.1710531404582276,1.1896412679585202,1.1571120448330083,1.180347204208374,765863,2024-09-06 00:00:00+10:00
1.1710531252890088,1.1896412525485205,1.161759061659253,1.1849942207336426,772841,2024-09-09 00:00:00+10:00
1.1803472351516306,1.1915000897853867,1.1682649298009025,1.171053171157837,725255,2024-09-10 00:00:00+10:00
1.1617591478752776,1.1989354051532108,1.1617591478752776,1.1942883729934692,482626,2024-09-11 00:00:00+10:00
1.1896412679585202,1.1961470904248268,1.175700172333301,1.180347204208374,409483,2024-09-12 00:00:00+10:00
1.1896412644515673,1.2221705982751652,1.1896412644515673,1.217523455619812,732044,2024-09-13 00:00:00+10:00
1.2361116938592875,1.2454057575820359,1.2147353251381707,1.217523455619812,516123,2024-09-16 00:00:00+10:00
1.21752341845239,1.2333234149339176,1.2082293550133623,1.2314646244049072,417691,2024-09-17 00:00:00+10:00
1.222170576102571,1.236111671433774,1.2175234335315261,1.2268176078796387,347500,2024-09-18 00:00:00+10:00
1.2361117292015233,1.2454057931900024,1.2221706332188047,1.2454057931900024,349063,2024-09-19 00:00:00+10:00
1.2361117852702228,1.2639939785003662,1.2361117852702228,1.2639939785003662,6101121,2024-09-20 00:00:00+10:00
1.2639939211669606,1.2639939211669606,1.2314646972072838,1.2454057931900024,908925,2024-09-23 00:00:00+10:00
1.245405704254961,1.2500527359173539,1.231464609267783,1.2361116409301758,564010,2024-09-24 00:00:00+10:00
1.2361117446125582,1.2500528407690854,1.2314647125603826,1.2407587766647339,710491,2024-09-25 00:00:00+10:00
1.2407587414093224,1.2454057733294557,1.2128764390945435,1.2128764390945435,886782,2024-09-26 00:00:00+10:00
1.2128764752179362,1.2128764752179362,1.1664061546325684,1.1664061546325684,1616654,2024-09-27 00:00:00+10:00
1.166406217771844,1.1961472023976056,1.1431710562214068,1.1478180885314941,1469787,2024-09-30 00:00:00+10:00
1.166406233877492,1.1896413957487586,1.1431710720062256,1.1431710720062256,1226731,2024-10-01 00:00:00+10:00
1.1478180111733525,1.1803472351516306,1.1478180111733525,1.171053171157837,2028908,2024-10-02 00:00:00+10:00
1.152465068527308,1.1989353895187378,1.152465068527308,1.1989353895187378,421964,2024-10-03 00:00:00+10:00
1.1896412372589111,1.1942882690140642,1.1710531102382995,1.1896412372589111,299883,2024-10-04 00:00:00+10:00
1.1803472196188498,1.1868530421700956,1.1710531557473614,1.1757001876831055,178990,2024-10-07 00:00:00+11:00
1.1803472824985406,1.1803472824985406,1.1524650893987294,1.1571121215820312,255769,2024-10-08 00:00:00+11:00
1.1431709837776003,1.180347239902406,1.133876919746399,1.133876919746399,630230,2024-10-09 00:00:00+11:00
1.1431709682240423,1.1478180001764173,1.1245828404145428,1.1385239362716675,811414,2024-10-10 00:00:00+11:00
1.1431709682240423,1.1431709682240423,1.1292298723669176,1.1385239362716675,542507,2024-10-11 00:00:00+11:00
1.1431708787781631,1.1431708787781631,1.1245827524230667,1.1292297840118408,516675,2024-10-14 00:00:00+11:00
1.1245828811419414,1.1617591381072998,1.1152888169006019,1.1617591381072998,854505,2024-10-15 00:00:00+11:00
1.1571121373032016,1.1589709280429796,1.1478180728103236,1.1524651050567627,713151,2024-10-16 00:00:00+11:00
1.152465012957935,1.1849942360834471,1.152465012957935,1.180347204208374,453367,2024-10-17 00:00:00+11:00
1.1803472196188498,1.1803472196188498,1.1524650280043842,1.1757001876831055,581990,2024-10-18 00:00:00+11:00
1.1803472508081787,1.1849942828667155,1.152465058456958,1.1664061546325684,388245,2024-10-21 00:00:00+11:00
1.1617591071640432,1.1775589937946962,1.1524650431702494,1.171053171157837,753222,2024-10-22 00:00:00+11:00
1.1617591537653331,1.1803472824985406,1.1524650893987294,1.1571121215820312,562321,2024-10-23 00:00:00+11:00
1.1524651367547323,1.1571121691289854,1.1385240396319722,1.1431710720062256,884891,2024-10-24 00:00:00+11:00
1.1431710405638846,1.1664062017960797,1.1357357668107844,1.1524651050567627,576544,2024-10-25 00:00:00+11:00
1.1431708787781631,1.1478179103669373,1.1245827524230667,1.1292297840118408,334876,2024-10-28 00:00:00+11:00
1.1431709250984416,1.1431709250984416,1.096700496533787,1.1152887344360352,390353,2024-10-29 00:00:00+11:00
1.0874064034844386,1.1338768307886122,1.0874064034844386,1.1245827674865723,757722,2024-10-31 00:00:00+11:00
1.115288772248783,1.1199358041834035,1.0967005337163191,1.10134756565094,223608,2024-11-01 00:00:00+11:00
1.138523964052027,1.138523964052027,1.0920535326004028,1.0920535326004028,291004,2024-11-04 00:00:00+11:00
1.1385239479188844,1.1385239479188844,1.0874064851258423,1.0967005491256714,597212,2024-11-06 00:00:00+11:00
1.1059947239194827,1.1059947239194827,1.0734653891260988,1.0967005491256714,654860,2024-11-07 00:00:00+11:00
1.0967004667864784,1.1292297991375921,1.0967004667864784,1.1245827674865723,816625,2024-11-08 00:00:00+11:00
1.1245828557151976,1.1403827424094435,1.1245828557151976,1.133876919746399,419950,2024-11-11 00:00:00+11:00
1.133876919746399,1.1478180157932012,1.1199358236995969,1.133876919746399,335234,2024-11-12 00:00:00+11:00
1.1524649573926922,1.1524649573926922,1.1171474946861455,1.1245827674865723,275658,2024-11-13 00:00:00+11:00
1.1292297840118408,1.133876815600615,1.1152886892455185,1.1292297840118408,215532,2024-11-14 00:00:00+11:00
1.1338769760710066,1.1571121373032016,1.1292299438245674,1.1524651050567627,340306,2024-11-15 00:00:00+11:00
1.1571120798244026,1.163617902487447,1.1292298877307982,1.133876919746399,556090,2024-11-18 00:00:00+11:00
1.1199357358355524,1.1431708940906522,1.1199357358355524,1.1245827674865723,342950,2024-11-19 00:00:00+11:00
1.1199358199192264,1.124582851919141,1.0967005491256714,1.0967005491256714,471578,2024-11-20 00:00:00+11:00
1.0874064851258423,1.1059947239194827,1.0874064851258423,1.0967005491256714,375449,2024-11-21 00:00:00+11:00
1.1385238555099075,1.1385238555099075,1.0827593652431093,1.0874063968658447,741297,2024-11-22 00:00:00+11:00
1.087406462970582,1.1152887651959662,1.087406462970582,1.105994701385498,1009608,2024-11-25 00:00:00+11:00
1.096700496533787,1.1245827979901706,1.096700496533787,1.1152887344360352,400062,2024-11-26 00:00:00+11:00
1.138523862439632,1.138523862439632,1.1059946408824923,1.1245827674865723,210826,2024-11-27 00:00:00+11:00
1.1152887916839962,1.1431709837776003,1.1152887916839962,1.133876919746399,323624,2024-11-28 00:00:00+11:00
1.1431708940906522,1.1431708940906522,1.1245827674865723,1.1245827674865723,276778,2024-11-29 00:00:00+11:00
1.1245827979901706,1.1292298297672385,1.1106417026589674,1.1152887344360352,233026,2024-12-02 00:00:00+11:00
1.1059946708818995,1.1245827979901706,1.1059946708818995,1.1152887344360352,420062,2024-12-03 00:00:00+11:00
1.110641665773495,1.1152886973962304,1.0827593652431093,1.0874063968658447,508245,2024-12-04 00:00:00+11:00
1.0874064479123744,1.1338768771151806,1.0874064479123744,1.1106417179107666,843332,2024-12-05 00:00:00+11:00
1.1199357290189658,1.1199357290189658,1.0827593652431093,1.0874063968658447,618714,2024-12-06 00:00:00+11:00
1.0827593955681936,1.0920534590739652,1.06417126855665,1.0781123638153076,798916,2024-12-09 00:00:00+11:00
1.0827594420489983,1.0920535059537466,1.0502302183823797,1.064171314239502,1295303,2024-12-10 00:00:00+11:00
1.07811239453537,1.0920534901912695,1.0641712988794707,1.0688183307647705,676414,2024-12-11 00:00:00+11:00
1.0781124257943806,1.0874064898344542,1.0548772656941965,1.0595242977142334,784885,2024-12-12 00:00:00+11:00
1.0734653937743437,1.0781124257943806,1.0548772656941965,1.0595242977142334,307298,2024-12-13 00:00:00+11:00
1.045583263909888,1.0595243608000744,1.0409362316131592,1.0409362316131592,620734,2024-12-16 00:00:00+11:00
1.0409362003493792,1.0502302646636963,1.0409362003493792,1.0502302646636963,617029,2024-12-17 00:00:00+11:00
1.054877235108871,1.0874064583059697,1.0502302032235713,1.0688183307647705,1648398,2024-12-18 00:00:00+11:00
1.0827594109276515,1.0827594109276515,1.0502301881960079,1.073465347290039,1211522,2024-12-19 00:00:00+11:00
1.068818300309536,1.0874064273210793,1.068818300309536,1.0781123638153076,1429178,2024-12-20 00:00:00+11:00
1.0781123486530448,1.0874064120281075,1.0734653169655135,1.0827593803405762,465431,2024-12-23 00:00:00+11:00
1.0781123842306088,1.1106417179107666,1.0781123842306088,1.1106417179107666,111148,2024-12-24 00:00:00+11:00
1.1152887651959662,1.1152887651959662,1.101347558686284,1.105994701385498,393573,2024-12-27 00:00:00+11:00
1.1228615697160431,1.1228615697160431,1.0987658500671387,1.0987658500671387,331916,2024-12-30 00:00:00+11:00
